{"min_s": 24.449150542049075, "max_s": 64.37862246559821, "model_type": "GMM_Anomaly"}