{"min_s": -14.133832226152716, "max_s": 75.3770403795047, "model_type": "GMM_Anomaly"}