{"min_s": 8.361716029056524, "max_s": 31.859618850005425, "model_type": "GMM_Anomaly"}