{"min_s": -0.6303760867290682, "max_s": -0.41841397998364543, "model_type": "IsolationForest"}