{
  "amount": {
    "mean": 63012.92810810811,
    "median": 28089.835,
    "std": 107206.14146482179,
    "min": 66.34,
    "max": 491190.4
  },
  "txn_count_5min": {
    "mean": 6.481981981981982,
    "median": 6.0,
    "std": 4.2439322920966065,
    "min": 0.0,
    "max": 29.0
  },
  "txn_count_1hr": {
    "mean": 22.024774774774773,
    "median": 21.0,
    "std": 14.894870682063317,
    "min": 0.0,
    "max": 57.0
  },
  "txn_count_24hr": {
    "mean": 22.024774774774773,
    "median": 21.0,
    "std": 14.894870682063317,
    "min": 0.0,
    "max": 57.0
  },
  "amount_sum_24hr": {
    "mean": 1363124.079527027,
    "median": 1143432.52,
    "std": 1134229.5768516362,
    "min": 0.0,
    "max": 4044257.9699999993
  },
  "unique_devices_24hr": {
    "mean": 21.11036036036036,
    "median": 20.0,
    "std": 15.560962351522903,
    "min": 0.0,
    "max": 57.0
  },
  "inbound_senders_1hr": {
    "mean": 0.4774774774774775,
    "median": 0.0,
    "std": 2.2937616717338063,
    "min": 0.0,
    "max": 13.0
  },
  "category_purchase_count_14d": {
    "mean": 9.3490990990991,
    "median": 9.0,
    "std": 6.320429743589914,
    "min": 0.0,
    "max": 29.0
  },
  "category_withdrawal_count_14d": {
    "mean": 4.792792792792793,
    "median": 4.0,
    "std": 3.9502941391003645,
    "min": 0.0,
    "max": 13.0
  },
  "category_transfer_count_14d": {
    "mean": 7.882882882882883,
    "median": 7.0,
    "std": 6.310246407939731,
    "min": 0.0,
    "max": 24.0
  },
  "log_amount": {
    "mean": 9.94722720432754,
    "median": 10.24319684510284,
    "std": 1.76359861549168,
    "min": 4.209754413732928,
    "max": 13.104589147518478
  }
}