{
  "amount": {
    "mean": 69640.22491157557,
    "median": 29835.754999999997,
    "std": 110868.90066812653,
    "min": 90.37,
    "max": 498431.63
  },
  "txn_count_5min": {
    "mean": 19.456591639871384,
    "median": 20.0,
    "std": 6.421921424121988,
    "min": 0.0,
    "max": 32.0
  },
  "txn_count_1hr": {
    "mean": 74.2282958199357,
    "median": 73.5,
    "std": 44.867617594406084,
    "min": 0.0,
    "max": 164.0
  },
  "txn_count_24hr": {
    "mean": 74.2282958199357,
    "median": 73.5,
    "std": 44.867617594406084,
    "min": 0.0,
    "max": 164.0
  },
  "amount_sum_24hr": {
    "mean": 5089554.598577172,
    "median": 4884177.3100000005,
    "std": 3329777.347282391,
    "min": 0.0,
    "max": 14183505.07
  },
  "unique_devices_24hr": {
    "mean": 73.90192926045016,
    "median": 73.5,
    "std": 45.327999542600715,
    "min": 0.0,
    "max": 164.0
  },
  "inbound_senders_1hr": {
    "mean": 0.0,
    "median": 0.0,
    "std": 0.0,
    "min": 0.0,
    "max": 0.0
  },
  "category_purchase_count_14d": {
    "mean": 23.818327974276528,
    "median": 23.0,
    "std": 14.607906865065523,
    "min": 0.0,
    "max": 53.0
  },
  "category_withdrawal_count_14d": {
    "mean": 24.833601286173632,
    "median": 24.0,
    "std": 16.190652017892035,
    "min": 0.0,
    "max": 63.0
  },
  "category_transfer_count_14d": {
    "mean": 25.576366559485532,
    "median": 25.0,
    "std": 15.98434836772609,
    "min": 0.0,
    "max": 60.0
  },
  "log_amount": {
    "mean": 10.183687333118026,
    "median": 10.303495941252624,
    "std": 1.5028247769963399,
    "min": 4.514917197010529,
    "max": 13.119223713814753
  }
}