{
  "BLOCK_THRESHOLD": 0.5093739032745361,
  "REVIEW_THRESHOLD": 0.47709935903549194
}