{
  "BLOCK_THRESHOLD": 0.6796187404812952,
  "REVIEW_THRESHOLD": 0.0013925124355969253
}